{
    "projects": [
        {
            "id":"0",
            "project_name":"Random Quotes",
            "technologies": ["HTML", "CSS", "JavaScript", "C#", "Java"],
            "description": "This web-based application generates famous quotes randomly",
            "image_urls": ["/static/images/Random1-P1.JPG","/static/images/Random2-P2.JPG","/static/images/Random1-P1.JPG","/static/images/Random2-P2.JPG"]
            ,"github":"https://github.com/ChrisKunjumon/Adv--Ajax-3380-002.git"
        },
        {
            "id":"1",
            "project_name":"Pagination Project",
            "technologies": ["HTML", "CSS", "JavaScript", "C#", "Java"],
            "description": "This web-based application assigns web pages according to the number of contacts displayed on one page.",
            "image_urls": ["/static/images/Pager1-P1.JPG","/static/images/Pager2-P2.JPG"]
            ,"github":"https://github.com/ChrisKunjumon/AJAX-Project2CK.git"
        },
        {
            "id":"2",
            "project_name":"BMI CALCULATOR",
            "technologies": ["HTML", "CSS", "JavaScript", "C#", "Java"],
            "description": "This is a web-based application that calculates BMI of a person based on the input provided by them.",
            "image_urls": ["/static/images/BMI1-P2.JPG","/static/images/BMI2-P2.JPG","/static/images/BMI1-P2.JPG"],
            "github":"https://github.com/ChrisKunjumon/Ajax-Project3CK.git"
        }
    ]
}